{
    "mean": [
        122.17546876279374,
        4.751177705909227,
        0.1813336320688331
    ],
    "scale": [
        97.08726419117758,
        0.27353393014254834,
        0.021570147590512716
    ]
}