{
    "mean": [
        122.25829799079729,
        4.75176902546503,
        0.025594000229248882,
        0.13280581189913793,
        0.10815312537599105
    ],
    "scale": [
        96.92876324804273,
        0.2734345947156696,
        0.26433260929027835,
        0.05300639119514311,
        0.036530097653297164
    ]
}